{
    "P": [
        16,
        16,
        16,
        16,
        28,
        28,
        28,
        28,
        32,
        32,
        32,
        64,
        64,
        64,
        128,
        128,
        128
    ],
    "d": [
        19,
        19,
        19,
        19,
        33,
        33,
        33,
        33,
        38,
        38,
        38,
        76,
        76,
        76,
        153,
        153,
        153
    ],
    "C": [
        15,
        15,
        15,
        22,
        26,
        26,
        26,
        39,
        30,
        30,
        45,
        60,
        60,
        91,
        122,
        122,
        183
    ],
    "NNF": [
        8,
        8,
        8,
        8,
        14,
        14,
        14,
        14,
        16,
        16,
        16,
        32,
        32,
        32,
        64,
        64,
        64
    ],
    "NRP": [
        2,
        4,
        6,
        2,
        2,
        5,
        8,
        2,
        2,
        9,
        2,
        2,
        15,
        2,
        2,
        28,
        2
    ],
    "nor": [
        0.052114538848400116,
        0.05238739773631096,
        0.052420131862163544,
        0.05168391764163971,
        0.030199671164155006,
        0.030266541987657547,
        0.03027697093784809,
        0.030129771679639816,
        0.026263605803251266,
        0.026303386315703392,
        0.026178408414125443,
        0.01319675799459219,
        0.013201257213950157,
        0.013164299540221691,
        0.006604479625821114,
        0.006605541333556175,
        0.006588983815163374
    ],
    "sem": [
        0.054938122630119324,
        0.05806978419423103,
        0.06080120429396629,
        0.05457582324743271,
        0.03180903196334839,
        0.03425057604908943,
        0.03662380576133728,
        0.03174801170825958,
        0.027668841183185577,
        0.0325307734310627,
        0.02759709022939205,
        0.01389708835631609,
        0.018446210771799088,
        0.013859670609235764,
        0.006951211951673031,
        0.01148394588381052,
        0.006936553865671158
    ],
    "non-sem": [
        0.07658936828374863,
        0.10171705484390259,
        0.1262367069721222,
        0.07670936733484268,
        0.04592068865895271,
        0.06938979774713516,
        0.09298598021268845,
        0.04572834447026253,
        0.0401110015809536,
        0.08900437504053116,
        0.04025539755821228,
        0.02060442790389061,
        0.06866709887981415,
        0.020443741232156754,
        0.010369732044637203,
        0.05967433750629425,
        0.010336656123399734
    ]
}